language,glottocode,glottolog_name,glottolog_family,note
Akkala Sami,akka1237,Akkala Saami,Uralic,
Alemannic German,swis1247,Central Alemannic,Indo-European,
Amondawa,amun1246,Amundava,Tupian,
Ancient Greek,anci1242,Ionic-Attic Ancient Greek,Indo-European,
Antillean Creole,guad1242,Guadeloupe-Martinique Creole French,Indo-European,
Armenian,nucl1235,Eastern Armenian,Indo-European,armênio oriental
Asi,bant1288,Bantoanon,Austronesian,
Aymara,cent2142,Central Aymara,Aymaran,aimará central
Azerbaijani,nort2697,North Azerbaijani,Turkic,azerbaijano do norte
Bakung,baku1265,Bakung Kenyah,Bookkeeping,"Bakung Kenyah — Glottolog marca como Bookkeeping (código aposentado), iso boc"
Baluchi,balo1260,Balochic,Indo-European,nó de grupo Balochic
Bau Bidayuh,baub1235,Bau-Jagoi Bidayuh,Austronesian,
Buryat,russ1264,Russia Buriat,Mongolic-Khitan,
Canela,cane1242,Central-Southern Timbira,Nuclear-Macro-Je,
Carpathian Rusyn,rusy1239,Rusyn,Indo-European,
Central Atlas Tamazight,cent2194,Central Moroccan Berber,Afro-Asiatic,
Central Bikol,cent2087,Coastal-Naga Bikol,Austronesian,
Chichewa,nyan1308,Nyanja,Atlantic-Congo,
Dargwa,darg1241,North-Central Dargwa,Nakh-Daghestanian,
Daur,daur1238,Dagur,Mongolic-Khitan,
East Central German (Silesian),lowe1388,Lower Silesian,Indo-European,
East Circassian (Kabardian),kaba1278,Kabardian,Abkhaz-Adyge,
Eastern Khanty,east2774,East Khanty,Uralic,grupo East Khanty
Eastern Min,mind1253,Min Dong Chinese,Sino-Tibetan,
Emilian,emil1241,Emiliano,Indo-European,
Franco-Provençal,fran1260,Arpitan,Indo-European,
Greenlandic,kala1399,Kalaallisut,Eskimo-Aleut,kalaallisut
Guinea-Bissau Creole,uppe1455,Upper Guinea Crioulo,Indo-European,
Haitian Creole,hait1244,Haitian,Indo-European,
Hakka,hakk1236,Hakka Chinese,Sino-Tibetan,
Hebrew,hebr1245,Modern Hebrew,Afro-Asiatic,hebraico moderno
Hokkien,minn1241,Min Nan Chinese,Sino-Tibetan,
Ilocano,ilok1237,Iloko,Austronesian,
Inari Sami,inar1241,Inari Saami,Uralic,
Indonesian,indo1316,Standard Indonesian,Austronesian,indonésio padrão
Inuktitut,east2534,Eastern Canadian Inuktitut,Eskimo-Aleut,inuktitut canadense oriental
Iranian Persian,west2369,Western Farsi,Indo-European,persa ocidental
Isan,nort2741,Northeastern Thai,Tai-Kadai,Northeastern Thai (corrige homônimo do auto-match)
Itelmen,itel1242,West Itelmen,Chukotko-Kamchatkan,
Jamaican Creole,jama1262,Jamaican Creole English,Indo-European,
Kaitag,kajt1238,Kajtak,Nakh-Daghestanian,
Kanuri,cent2050,Central Kanuri,Saharan,kanuri central
Karo Batak,bata1293,Batak Karo,Austronesian,
Khmer,cent1989,Central Khmer,Austroasiatic,
Kildin Sami,kild1236,Kildin Saami,Uralic,
Kitembo,temb1270,Tembo (Kitembo),Atlantic-Congo,
Korlai Creole Portuguese,korl1238,Korlai Portuguese,Indo-European,
Kristang,mala1533,Malacca-Batavia Portuguese Creole,Indo-European,
Kyrgyz,kirg1245,Kirghiz,Turkic,
Latgalian,east2282,East Latvian,Indo-European,
Lezgi,lezg1247,Lezgian,Nakh-Daghestanian,
Lingala,ling1263,Kinshasa Lingala,Atlantic-Congo,
Livonian,livv1244,Liv,Uralic,
Lule Sami,lule1254,Lule Saami,Uralic,
Lushootseed (Salishan),lush1252,Northern Lushootseed,Salishan,
Lutuv,laut1236,Lautu,Sino-Tibetan,
Luwian,cune1239,Cuneiform Luwian,Indo-European,
Luxembourgish,luxe1241,Moselle Franconian,Indo-European,
Makasae,maka1316,Makasae-Makalero,Timor-Alor-Pantar,
Mandarin,mand1415,Mandarin Chinese,Sino-Tibetan,
Middle Persian,pahl1241,Pahlavi,Indo-European,
Mohegan-Pequot,pequ1242,Pequot-Mohegan,Algic,
Moore,moss1236,Mossi,Atlantic-Congo,
Nafaanra,nafa1258,Nafanan,Atlantic-Congo,
Neapolitan,neap1235,Continental Southern Italian,Indo-European,
Ngarrindjeri,narr1259,Narrinyeri,Pama-Nyungan,
Norn,oldn1246,Old Norn,Indo-European,
North Frisian (Föhr-Amrum),nort2626,Northern Frisian,Indo-European,
Northern Sami,nort2671,North Saami,Uralic,
Nuosu,sich1238,Sichuan Yi,Sino-Tibetan,
Ojibwe,ojib1241,Ojibwa,Algic,grupo Ojibwa
Old Church Slavonic,chur1257,Church Slavic,Indo-European,
Old East Slavic,oldr1238,Old Russian,Indo-European,
Old Javanese,kawi1241,Kawi,Austronesian,
Old Occitan,oldp1253,Old Provençal,Indo-European,
Old Slovak,slov1269,Slovak,Indo-European,
Old Tupi,tupi1274,Lingua Geral Paulista,Tupian,
Oromo,west2721,West Central Oromo,Afro-Asiatic,oromo centro-ocidental
Ossetian,iron1242,Iron Ossetian,Indo-European,
Pannonian Rusyn,pann1240,Pannonian Ruthenian,Indo-European,
Piedmontese,piem1238,Piemontese,Indo-European,
Pite Sami,pite1240,Pite Saami,Uralic,
Punjabi,panj1256,Eastern Panjabi,Indo-European,
Quechua,quec1387,Quechuan,Quechuan,nó de família Quechuan (forma pan-quíchua)
Rapa Nui,rapa1244,Rapanui,Austronesian,
Rinconada Bikol,irig1242,Iriga Bicolano,Austronesian,
Samo,mand1437,Mande Samo,Mande,grupo Mande Samo / San (corrige homônimo do auto-match)
Sardinian,logu1236,Logudorese Sardinian,Indo-European,logudorês (Glottolog divide o sardo)
Saterland Frisian,sate1242,Ems-Weser Frisian,Indo-European,
Serbo-Croatian,sout1528,Serbian-Croatian-Bosnian,Indo-European,
Sherpa,sher1255,Solu-Khumbu Sherpa,Sino-Tibetan,
Shor,shor1247,Mrassu Shor-Tutal,Turkic,
Sinhalese,sinh1246,Sinhala,Indo-European,
Skolt Sami,skol1241,Skolt Saami,Uralic,
Slovene,slov1268,Slovenian,Indo-European,
Sotho,sout2807,Southern Sotho,Atlantic-Congo,
Southern Sami,sout2674,South Saami,Uralic,
Syriac,clas1252,Classical Syriac,Afro-Asiatic,
Talysh,taly1247,North-Central Talysh,Indo-European,
Tarantino,neap1235,Continental Southern Italian,Indo-European,Glottolog não separa Tarantino; nó napolitano (Continental Southern Italian)
Tarifit,tari1263,Tarifiyt-Beni-Iznasen-Eastern Middle Atlas Berber,Afro-Asiatic,
Tat,musl1236,Muslim Tat,Indo-European,
Ter Sami,ters1235,Ter Saami,Uralic,
Toba Batak,bata1289,Batak Toba,Austronesian,
Tocharian A,tokh1242,Tokharian A,Indo-European,
Tocharian B,tokh1243,Tokharian B,Indo-European,
Tokelauan,toke1240,Tokelau,Austronesian,
Tongan,tong1325,Tonga (Tonga Islands),Austronesian,
Tuvan,tuvi1240,Tuvinian,Turkic,
Ume Sami,umes1235,Ume Saami,Uralic,
Uyghur,uigh1240,Uighur,Turkic,
Venetan,vene1258,Venetian,Indo-European,
Vilamovian,wymy1235,Wymysorys,Indo-European,
Waray-Waray,wara1300,Waray (Philippines),Austronesian,
West Frisian,west2354,Western Frisian,Indo-European,
White Hmong,hmon1333,Hmong Daw,Hmong-Mien,
Wu,wuch1236,Wu Chinese,Sino-Tibetan,Wu Chinese (corrige homônimo do auto-match)
Yaghnobi,yagn1238,Yagnobi,Indo-European,
Yakut,yaku1245,Sakha,Turkic,
Yazghulami,yazg1240,Yazgulyam,Indo-European,
Yiddish,east2295,Eastern Yiddish,Indo-European,iídiche oriental
Yilan Creole,yila1234,Vernacular Atayalic Japanese,Japonic,
Zazaki,diml1238,Dimli,Indo-European,
Zealandic,zeeu1238,Zeeuws,Indo-European,
Zhuang,yong1276,Yongbei Zhuang,Tai-Kadai,Zhuang Yongbei (padrão)
ǃXóõ,huaa1248,East Taa,Tuu,
